fixed acidity,volatile acidity,citric acid,residual sugar,chlorides,free sulfur dioxide,total sulfur dioxide,density,pH,sulphates,alcohol
-0.7372654639377199,-0.9677999797609883,0.9299033776418997,-0.6281489198426129,-0.44377147556821,-0.5986864843158193,,,,-0.17754512475963619,-1.5072940597562938
