fixed acidity,volatile acidity,citric acid,residual sugar,chlorides,free sulfur dioxide,total sulfur dioxide,density,pH,sulphates,alcohol
0.7330040324705667,-0.9677999797609883,0.9299033776418997,0.4948943040943679,-0.44377147556821,,,0.17569257235307853,,-0.17754512475963619,-1.5072940597562938
