{
    "rmse": 0.5539968401054443,
    "mae": 0.4421046330378606,
    "r2": 0.46295398473739624
}