{
    "rmse": 0.5584182401049197,
    "mae": 0.4474686926061457,
    "r2": 0.4543476104736328
}